,Unnamed: 0,number,value,params_hidden_layer_neuron_count,params_num_hermite_directional_coeffs,system_attrs_grid_id,system_attrs_search_space,state
0,0,0,,70,9,0,"{'hidden_layer_neuron_count': [5, 10, 15, 20, 25, 30, 35, 40, 45, 50, 55, 60, 65, 70, 75, 80, 85, 90, 95, 100], 'num_hermite_directional_coeffs': [3, 4, 5, 6, 7, 8, 9, 10]}",PRUNED
1,1,1,90.38,75,3,1,"{'hidden_layer_neuron_count': [5, 10, 15, 20, 25, 30, 35, 40, 45, 50, 55, 60, 65, 70, 75, 80, 85, 90, 95, 100], 'num_hermite_directional_coeffs': [3, 4, 5, 6, 7, 8, 9, 10]}",COMPLETE
2,2,2,,90,10,2,"{'hidden_layer_neuron_count': [5, 10, 15, 20, 25, 30, 35, 40, 45, 50, 55, 60, 65, 70, 75, 80, 85, 90, 95, 100], 'num_hermite_directional_coeffs': [3, 4, 5, 6, 7, 8, 9, 10]}",PRUNED
3,3,3,90.24,5,10,3,"{'hidden_layer_neuron_count': [5, 10, 15, 20, 25, 30, 35, 40, 45, 50, 55, 60, 65, 70, 75, 80, 85, 90, 95, 100], 'num_hermite_directional_coeffs': [3, 4, 5, 6, 7, 8, 9, 10]}",COMPLETE
4,4,4,97.0,30,7,4,"{'hidden_layer_neuron_count': [5, 10, 15, 20, 25, 30, 35, 40, 45, 50, 55, 60, 65, 70, 75, 80, 85, 90, 95, 100], 'num_hermite_directional_coeffs': [3, 4, 5, 6, 7, 8, 9, 10]}",COMPLETE
5,5,5,,65,8,5,"{'hidden_layer_neuron_count': [5, 10, 15, 20, 25, 30, 35, 40, 45, 50, 55, 60, 65, 70, 75, 80, 85, 90, 95, 100], 'num_hermite_directional_coeffs': [3, 4, 5, 6, 7, 8, 9, 10]}",PRUNED
6,6,6,,80,5,6,"{'hidden_layer_neuron_count': [5, 10, 15, 20, 25, 30, 35, 40, 45, 50, 55, 60, 65, 70, 75, 80, 85, 90, 95, 100], 'num_hermite_directional_coeffs': [3, 4, 5, 6, 7, 8, 9, 10]}",PRUNED
7,7,7,97.16,45,5,7,"{'hidden_layer_neuron_count': [5, 10, 15, 20, 25, 30, 35, 40, 45, 50, 55, 60, 65, 70, 75, 80, 85, 90, 95, 100], 'num_hermite_directional_coeffs': [3, 4, 5, 6, 7, 8, 9, 10]}",COMPLETE
8,8,8,,55,8,8,"{'hidden_layer_neuron_count': [5, 10, 15, 20, 25, 30, 35, 40, 45, 50, 55, 60, 65, 70, 75, 80, 85, 90, 95, 100], 'num_hermite_directional_coeffs': [3, 4, 5, 6, 7, 8, 9, 10]}",PRUNED
9,9,9,,55,9,9,"{'hidden_layer_neuron_count': [5, 10, 15, 20, 25, 30, 35, 40, 45, 50, 55, 60, 65, 70, 75, 80, 85, 90, 95, 100], 'num_hermite_directional_coeffs': [3, 4, 5, 6, 7, 8, 9, 10]}",PRUNED
10,10,10,,85,8,10,"{'hidden_layer_neuron_count': [5, 10, 15, 20, 25, 30, 35, 40, 45, 50, 55, 60, 65, 70, 75, 80, 85, 90, 95, 100], 'num_hermite_directional_coeffs': [3, 4, 5, 6, 7, 8, 9, 10]}",PRUNED
11,11,11,,60,7,11,"{'hidden_layer_neuron_count': [5, 10, 15, 20, 25, 30, 35, 40, 45, 50, 55, 60, 65, 70, 75, 80, 85, 90, 95, 100], 'num_hermite_directional_coeffs': [3, 4, 5, 6, 7, 8, 9, 10]}",PRUNED
12,12,12,95.86,20,5,12,"{'hidden_layer_neuron_count': [5, 10, 15, 20, 25, 30, 35, 40, 45, 50, 55, 60, 65, 70, 75, 80, 85, 90, 95, 100], 'num_hermite_directional_coeffs': [3, 4, 5, 6, 7, 8, 9, 10]}",COMPLETE
13,13,13,,95,5,13,"{'hidden_layer_neuron_count': [5, 10, 15, 20, 25, 30, 35, 40, 45, 50, 55, 60, 65, 70, 75, 80, 85, 90, 95, 100], 'num_hermite_directional_coeffs': [3, 4, 5, 6, 7, 8, 9, 10]}",PRUNED
14,14,14,,75,10,14,"{'hidden_layer_neuron_count': [5, 10, 15, 20, 25, 30, 35, 40, 45, 50, 55, 60, 65, 70, 75, 80, 85, 90, 95, 100], 'num_hermite_directional_coeffs': [3, 4, 5, 6, 7, 8, 9, 10]}",PRUNED
15,15,15,,40,9,15,"{'hidden_layer_neuron_count': [5, 10, 15, 20, 25, 30, 35, 40, 45, 50, 55, 60, 65, 70, 75, 80, 85, 90, 95, 100], 'num_hermite_directional_coeffs': [3, 4, 5, 6, 7, 8, 9, 10]}",PRUNED
16,16,16,97.3,35,6,16,"{'hidden_layer_neuron_count': [5, 10, 15, 20, 25, 30, 35, 40, 45, 50, 55, 60, 65, 70, 75, 80, 85, 90, 95, 100], 'num_hermite_directional_coeffs': [3, 4, 5, 6, 7, 8, 9, 10]}",COMPLETE
17,17,17,95.96,65,4,17,"{'hidden_layer_neuron_count': [5, 10, 15, 20, 25, 30, 35, 40, 45, 50, 55, 60, 65, 70, 75, 80, 85, 90, 95, 100], 'num_hermite_directional_coeffs': [3, 4, 5, 6, 7, 8, 9, 10]}",COMPLETE
18,18,18,90.98,85,3,18,"{'hidden_layer_neuron_count': [5, 10, 15, 20, 25, 30, 35, 40, 45, 50, 55, 60, 65, 70, 75, 80, 85, 90, 95, 100], 'num_hermite_directional_coeffs': [3, 4, 5, 6, 7, 8, 9, 10]}",COMPLETE
19,19,19,,60,5,19,"{'hidden_layer_neuron_count': [5, 10, 15, 20, 25, 30, 35, 40, 45, 50, 55, 60, 65, 70, 75, 80, 85, 90, 95, 100], 'num_hermite_directional_coeffs': [3, 4, 5, 6, 7, 8, 9, 10]}",PRUNED
20,20,20,,30,8,20,"{'hidden_layer_neuron_count': [5, 10, 15, 20, 25, 30, 35, 40, 45, 50, 55, 60, 65, 70, 75, 80, 85, 90, 95, 100], 'num_hermite_directional_coeffs': [3, 4, 5, 6, 7, 8, 9, 10]}",PRUNED
21,21,21,89.76,40,3,21,"{'hidden_layer_neuron_count': [5, 10, 15, 20, 25, 30, 35, 40, 45, 50, 55, 60, 65, 70, 75, 80, 85, 90, 95, 100], 'num_hermite_directional_coeffs': [3, 4, 5, 6, 7, 8, 9, 10]}",COMPLETE
22,22,22,97.32,40,6,22,"{'hidden_layer_neuron_count': [5, 10, 15, 20, 25, 30, 35, 40, 45, 50, 55, 60, 65, 70, 75, 80, 85, 90, 95, 100], 'num_hermite_directional_coeffs': [3, 4, 5, 6, 7, 8, 9, 10]}",COMPLETE
23,23,23,85.1,10,3,23,"{'hidden_layer_neuron_count': [5, 10, 15, 20, 25, 30, 35, 40, 45, 50, 55, 60, 65, 70, 75, 80, 85, 90, 95, 100], 'num_hermite_directional_coeffs': [3, 4, 5, 6, 7, 8, 9, 10]}",COMPLETE
24,24,24,97.14,25,8,24,"{'hidden_layer_neuron_count': [5, 10, 15, 20, 25, 30, 35, 40, 45, 50, 55, 60, 65, 70, 75, 80, 85, 90, 95, 100], 'num_hermite_directional_coeffs': [3, 4, 5, 6, 7, 8, 9, 10]}",COMPLETE
25,25,25,94.54,25,4,25,"{'hidden_layer_neuron_count': [5, 10, 15, 20, 25, 30, 35, 40, 45, 50, 55, 60, 65, 70, 75, 80, 85, 90, 95, 100], 'num_hermite_directional_coeffs': [3, 4, 5, 6, 7, 8, 9, 10]}",COMPLETE
26,26,26,,95,6,26,"{'hidden_layer_neuron_count': [5, 10, 15, 20, 25, 30, 35, 40, 45, 50, 55, 60, 65, 70, 75, 80, 85, 90, 95, 100], 'num_hermite_directional_coeffs': [3, 4, 5, 6, 7, 8, 9, 10]}",PRUNED
27,27,27,,40,8,27,"{'hidden_layer_neuron_count': [5, 10, 15, 20, 25, 30, 35, 40, 45, 50, 55, 60, 65, 70, 75, 80, 85, 90, 95, 100], 'num_hermite_directional_coeffs': [3, 4, 5, 6, 7, 8, 9, 10]}",PRUNED
28,28,28,,65,5,28,"{'hidden_layer_neuron_count': [5, 10, 15, 20, 25, 30, 35, 40, 45, 50, 55, 60, 65, 70, 75, 80, 85, 90, 95, 100], 'num_hermite_directional_coeffs': [3, 4, 5, 6, 7, 8, 9, 10]}",PRUNED
29,29,29,,80,4,29,"{'hidden_layer_neuron_count': [5, 10, 15, 20, 25, 30, 35, 40, 45, 50, 55, 60, 65, 70, 75, 80, 85, 90, 95, 100], 'num_hermite_directional_coeffs': [3, 4, 5, 6, 7, 8, 9, 10]}",PRUNED
30,30,30,,85,10,30,"{'hidden_layer_neuron_count': [5, 10, 15, 20, 25, 30, 35, 40, 45, 50, 55, 60, 65, 70, 75, 80, 85, 90, 95, 100], 'num_hermite_directional_coeffs': [3, 4, 5, 6, 7, 8, 9, 10]}",PRUNED
31,31,31,88.92,20,3,31,"{'hidden_layer_neuron_count': [5, 10, 15, 20, 25, 30, 35, 40, 45, 50, 55, 60, 65, 70, 75, 80, 85, 90, 95, 100], 'num_hermite_directional_coeffs': [3, 4, 5, 6, 7, 8, 9, 10]}",COMPLETE
32,32,32,,35,9,32,"{'hidden_layer_neuron_count': [5, 10, 15, 20, 25, 30, 35, 40, 45, 50, 55, 60, 65, 70, 75, 80, 85, 90, 95, 100], 'num_hermite_directional_coeffs': [3, 4, 5, 6, 7, 8, 9, 10]}",PRUNED
33,33,33,90.26,55,3,33,"{'hidden_layer_neuron_count': [5, 10, 15, 20, 25, 30, 35, 40, 45, 50, 55, 60, 65, 70, 75, 80, 85, 90, 95, 100], 'num_hermite_directional_coeffs': [3, 4, 5, 6, 7, 8, 9, 10]}",COMPLETE
34,34,34,95.6,15,6,34,"{'hidden_layer_neuron_count': [5, 10, 15, 20, 25, 30, 35, 40, 45, 50, 55, 60, 65, 70, 75, 80, 85, 90, 95, 100], 'num_hermite_directional_coeffs': [3, 4, 5, 6, 7, 8, 9, 10]}",COMPLETE
35,35,35,96.96,50,5,35,"{'hidden_layer_neuron_count': [5, 10, 15, 20, 25, 30, 35, 40, 45, 50, 55, 60, 65, 70, 75, 80, 85, 90, 95, 100], 'num_hermite_directional_coeffs': [3, 4, 5, 6, 7, 8, 9, 10]}",COMPLETE
36,36,36,,85,6,36,"{'hidden_layer_neuron_count': [5, 10, 15, 20, 25, 30, 35, 40, 45, 50, 55, 60, 65, 70, 75, 80, 85, 90, 95, 100], 'num_hermite_directional_coeffs': [3, 4, 5, 6, 7, 8, 9, 10]}",PRUNED
37,37,37,87.18,15,3,37,"{'hidden_layer_neuron_count': [5, 10, 15, 20, 25, 30, 35, 40, 45, 50, 55, 60, 65, 70, 75, 80, 85, 90, 95, 100], 'num_hermite_directional_coeffs': [3, 4, 5, 6, 7, 8, 9, 10]}",COMPLETE
38,38,38,,40,7,38,"{'hidden_layer_neuron_count': [5, 10, 15, 20, 25, 30, 35, 40, 45, 50, 55, 60, 65, 70, 75, 80, 85, 90, 95, 100], 'num_hermite_directional_coeffs': [3, 4, 5, 6, 7, 8, 9, 10]}",PRUNED
39,39,39,90.64,80,3,39,"{'hidden_layer_neuron_count': [5, 10, 15, 20, 25, 30, 35, 40, 45, 50, 55, 60, 65, 70, 75, 80, 85, 90, 95, 100], 'num_hermite_directional_coeffs': [3, 4, 5, 6, 7, 8, 9, 10]}",COMPLETE
40,40,40,89.86,30,3,40,"{'hidden_layer_neuron_count': [5, 10, 15, 20, 25, 30, 35, 40, 45, 50, 55, 60, 65, 70, 75, 80, 85, 90, 95, 100], 'num_hermite_directional_coeffs': [3, 4, 5, 6, 7, 8, 9, 10]}",COMPLETE
41,41,41,96.28,15,9,41,"{'hidden_layer_neuron_count': [5, 10, 15, 20, 25, 30, 35, 40, 45, 50, 55, 60, 65, 70, 75, 80, 85, 90, 95, 100], 'num_hermite_directional_coeffs': [3, 4, 5, 6, 7, 8, 9, 10]}",COMPLETE
42,42,42,,40,10,42,"{'hidden_layer_neuron_count': [5, 10, 15, 20, 25, 30, 35, 40, 45, 50, 55, 60, 65, 70, 75, 80, 85, 90, 95, 100], 'num_hermite_directional_coeffs': [3, 4, 5, 6, 7, 8, 9, 10]}",PRUNED
43,43,43,,95,10,43,"{'hidden_layer_neuron_count': [5, 10, 15, 20, 25, 30, 35, 40, 45, 50, 55, 60, 65, 70, 75, 80, 85, 90, 95, 100], 'num_hermite_directional_coeffs': [3, 4, 5, 6, 7, 8, 9, 10]}",PRUNED
44,44,44,,70,10,44,"{'hidden_layer_neuron_count': [5, 10, 15, 20, 25, 30, 35, 40, 45, 50, 55, 60, 65, 70, 75, 80, 85, 90, 95, 100], 'num_hermite_directional_coeffs': [3, 4, 5, 6, 7, 8, 9, 10]}",PRUNED
45,45,45,,95,4,45,"{'hidden_layer_neuron_count': [5, 10, 15, 20, 25, 30, 35, 40, 45, 50, 55, 60, 65, 70, 75, 80, 85, 90, 95, 100], 'num_hermite_directional_coeffs': [3, 4, 5, 6, 7, 8, 9, 10]}",PRUNED
46,46,46,90.84,90,3,46,"{'hidden_layer_neuron_count': [5, 10, 15, 20, 25, 30, 35, 40, 45, 50, 55, 60, 65, 70, 75, 80, 85, 90, 95, 100], 'num_hermite_directional_coeffs': [3, 4, 5, 6, 7, 8, 9, 10]}",COMPLETE
47,47,47,96.28,20,6,47,"{'hidden_layer_neuron_count': [5, 10, 15, 20, 25, 30, 35, 40, 45, 50, 55, 60, 65, 70, 75, 80, 85, 90, 95, 100], 'num_hermite_directional_coeffs': [3, 4, 5, 6, 7, 8, 9, 10]}",COMPLETE
48,48,48,,75,9,48,"{'hidden_layer_neuron_count': [5, 10, 15, 20, 25, 30, 35, 40, 45, 50, 55, 60, 65, 70, 75, 80, 85, 90, 95, 100], 'num_hermite_directional_coeffs': [3, 4, 5, 6, 7, 8, 9, 10]}",PRUNED
49,49,49,,60,10,49,"{'hidden_layer_neuron_count': [5, 10, 15, 20, 25, 30, 35, 40, 45, 50, 55, 60, 65, 70, 75, 80, 85, 90, 95, 100], 'num_hermite_directional_coeffs': [3, 4, 5, 6, 7, 8, 9, 10]}",PRUNED
50,50,50,,35,10,50,"{'hidden_layer_neuron_count': [5, 10, 15, 20, 25, 30, 35, 40, 45, 50, 55, 60, 65, 70, 75, 80, 85, 90, 95, 100], 'num_hermite_directional_coeffs': [3, 4, 5, 6, 7, 8, 9, 10]}",PRUNED
51,51,51,,70,8,51,"{'hidden_layer_neuron_count': [5, 10, 15, 20, 25, 30, 35, 40, 45, 50, 55, 60, 65, 70, 75, 80, 85, 90, 95, 100], 'num_hermite_directional_coeffs': [3, 4, 5, 6, 7, 8, 9, 10]}",PRUNED
52,52,52,94.58,15,5,52,"{'hidden_layer_neuron_count': [5, 10, 15, 20, 25, 30, 35, 40, 45, 50, 55, 60, 65, 70, 75, 80, 85, 90, 95, 100], 'num_hermite_directional_coeffs': [3, 4, 5, 6, 7, 8, 9, 10]}",COMPLETE
53,53,53,,100,8,53,"{'hidden_layer_neuron_count': [5, 10, 15, 20, 25, 30, 35, 40, 45, 50, 55, 60, 65, 70, 75, 80, 85, 90, 95, 100], 'num_hermite_directional_coeffs': [3, 4, 5, 6, 7, 8, 9, 10]}",PRUNED
54,54,54,96.1,20,9,54,"{'hidden_layer_neuron_count': [5, 10, 15, 20, 25, 30, 35, 40, 45, 50, 55, 60, 65, 70, 75, 80, 85, 90, 95, 100], 'num_hermite_directional_coeffs': [3, 4, 5, 6, 7, 8, 9, 10]}",COMPLETE
55,55,55,,60,9,55,"{'hidden_layer_neuron_count': [5, 10, 15, 20, 25, 30, 35, 40, 45, 50, 55, 60, 65, 70, 75, 80, 85, 90, 95, 100], 'num_hermite_directional_coeffs': [3, 4, 5, 6, 7, 8, 9, 10]}",PRUNED
56,56,56,95.62,50,4,56,"{'hidden_layer_neuron_count': [5, 10, 15, 20, 25, 30, 35, 40, 45, 50, 55, 60, 65, 70, 75, 80, 85, 90, 95, 100], 'num_hermite_directional_coeffs': [3, 4, 5, 6, 7, 8, 9, 10]}",COMPLETE
57,57,57,,70,6,57,"{'hidden_layer_neuron_count': [5, 10, 15, 20, 25, 30, 35, 40, 45, 50, 55, 60, 65, 70, 75, 80, 85, 90, 95, 100], 'num_hermite_directional_coeffs': [3, 4, 5, 6, 7, 8, 9, 10]}",PRUNED
58,58,58,87.28,5,5,58,"{'hidden_layer_neuron_count': [5, 10, 15, 20, 25, 30, 35, 40, 45, 50, 55, 60, 65, 70, 75, 80, 85, 90, 95, 100], 'num_hermite_directional_coeffs': [3, 4, 5, 6, 7, 8, 9, 10]}",COMPLETE
59,59,59,,90,6,59,"{'hidden_layer_neuron_count': [5, 10, 15, 20, 25, 30, 35, 40, 45, 50, 55, 60, 65, 70, 75, 80, 85, 90, 95, 100], 'num_hermite_directional_coeffs': [3, 4, 5, 6, 7, 8, 9, 10]}",PRUNED
60,60,60,,55,6,60,"{'hidden_layer_neuron_count': [5, 10, 15, 20, 25, 30, 35, 40, 45, 50, 55, 60, 65, 70, 75, 80, 85, 90, 95, 100], 'num_hermite_directional_coeffs': [3, 4, 5, 6, 7, 8, 9, 10]}",PRUNED
61,61,61,97.16,30,6,61,"{'hidden_layer_neuron_count': [5, 10, 15, 20, 25, 30, 35, 40, 45, 50, 55, 60, 65, 70, 75, 80, 85, 90, 95, 100], 'num_hermite_directional_coeffs': [3, 4, 5, 6, 7, 8, 9, 10]}",COMPLETE
62,62,62,,45,10,62,"{'hidden_layer_neuron_count': [5, 10, 15, 20, 25, 30, 35, 40, 45, 50, 55, 60, 65, 70, 75, 80, 85, 90, 95, 100], 'num_hermite_directional_coeffs': [3, 4, 5, 6, 7, 8, 9, 10]}",PRUNED
63,63,63,92.6,10,5,63,"{'hidden_layer_neuron_count': [5, 10, 15, 20, 25, 30, 35, 40, 45, 50, 55, 60, 65, 70, 75, 80, 85, 90, 95, 100], 'num_hermite_directional_coeffs': [3, 4, 5, 6, 7, 8, 9, 10]}",COMPLETE
64,64,64,,90,8,64,"{'hidden_layer_neuron_count': [5, 10, 15, 20, 25, 30, 35, 40, 45, 50, 55, 60, 65, 70, 75, 80, 85, 90, 95, 100], 'num_hermite_directional_coeffs': [3, 4, 5, 6, 7, 8, 9, 10]}",PRUNED
65,65,65,,100,5,65,"{'hidden_layer_neuron_count': [5, 10, 15, 20, 25, 30, 35, 40, 45, 50, 55, 60, 65, 70, 75, 80, 85, 90, 95, 100], 'num_hermite_directional_coeffs': [3, 4, 5, 6, 7, 8, 9, 10]}",PRUNED
66,66,66,90.5,65,3,66,"{'hidden_layer_neuron_count': [5, 10, 15, 20, 25, 30, 35, 40, 45, 50, 55, 60, 65, 70, 75, 80, 85, 90, 95, 100], 'num_hermite_directional_coeffs': [3, 4, 5, 6, 7, 8, 9, 10]}",COMPLETE
67,67,67,95.84,60,4,67,"{'hidden_layer_neuron_count': [5, 10, 15, 20, 25, 30, 35, 40, 45, 50, 55, 60, 65, 70, 75, 80, 85, 90, 95, 100], 'num_hermite_directional_coeffs': [3, 4, 5, 6, 7, 8, 9, 10]}",COMPLETE
68,68,68,91.18,95,3,68,"{'hidden_layer_neuron_count': [5, 10, 15, 20, 25, 30, 35, 40, 45, 50, 55, 60, 65, 70, 75, 80, 85, 90, 95, 100], 'num_hermite_directional_coeffs': [3, 4, 5, 6, 7, 8, 9, 10]}",COMPLETE
69,69,69,,85,7,69,"{'hidden_layer_neuron_count': [5, 10, 15, 20, 25, 30, 35, 40, 45, 50, 55, 60, 65, 70, 75, 80, 85, 90, 95, 100], 'num_hermite_directional_coeffs': [3, 4, 5, 6, 7, 8, 9, 10]}",PRUNED
70,70,70,,80,7,70,"{'hidden_layer_neuron_count': [5, 10, 15, 20, 25, 30, 35, 40, 45, 50, 55, 60, 65, 70, 75, 80, 85, 90, 95, 100], 'num_hermite_directional_coeffs': [3, 4, 5, 6, 7, 8, 9, 10]}",PRUNED
71,71,71,96.4,35,5,71,"{'hidden_layer_neuron_count': [5, 10, 15, 20, 25, 30, 35, 40, 45, 50, 55, 60, 65, 70, 75, 80, 85, 90, 95, 100], 'num_hermite_directional_coeffs': [3, 4, 5, 6, 7, 8, 9, 10]}",COMPLETE
72,72,72,,65,7,72,"{'hidden_layer_neuron_count': [5, 10, 15, 20, 25, 30, 35, 40, 45, 50, 55, 60, 65, 70, 75, 80, 85, 90, 95, 100], 'num_hermite_directional_coeffs': [3, 4, 5, 6, 7, 8, 9, 10]}",PRUNED
73,73,73,,90,9,73,"{'hidden_layer_neuron_count': [5, 10, 15, 20, 25, 30, 35, 40, 45, 50, 55, 60, 65, 70, 75, 80, 85, 90, 95, 100], 'num_hermite_directional_coeffs': [3, 4, 5, 6, 7, 8, 9, 10]}",PRUNED
74,74,74,89.86,45,3,74,"{'hidden_layer_neuron_count': [5, 10, 15, 20, 25, 30, 35, 40, 45, 50, 55, 60, 65, 70, 75, 80, 85, 90, 95, 100], 'num_hermite_directional_coeffs': [3, 4, 5, 6, 7, 8, 9, 10]}",COMPLETE
75,75,75,,70,5,75,"{'hidden_layer_neuron_count': [5, 10, 15, 20, 25, 30, 35, 40, 45, 50, 55, 60, 65, 70, 75, 80, 85, 90, 95, 100], 'num_hermite_directional_coeffs': [3, 4, 5, 6, 7, 8, 9, 10]}",PRUNED
76,76,76,,70,7,76,"{'hidden_layer_neuron_count': [5, 10, 15, 20, 25, 30, 35, 40, 45, 50, 55, 60, 65, 70, 75, 80, 85, 90, 95, 100], 'num_hermite_directional_coeffs': [3, 4, 5, 6, 7, 8, 9, 10]}",PRUNED
77,77,77,,45,8,77,"{'hidden_layer_neuron_count': [5, 10, 15, 20, 25, 30, 35, 40, 45, 50, 55, 60, 65, 70, 75, 80, 85, 90, 95, 100], 'num_hermite_directional_coeffs': [3, 4, 5, 6, 7, 8, 9, 10]}",PRUNED
78,78,78,95.24,35,4,78,"{'hidden_layer_neuron_count': [5, 10, 15, 20, 25, 30, 35, 40, 45, 50, 55, 60, 65, 70, 75, 80, 85, 90, 95, 100], 'num_hermite_directional_coeffs': [3, 4, 5, 6, 7, 8, 9, 10]}",COMPLETE
79,79,79,89.88,35,3,79,"{'hidden_layer_neuron_count': [5, 10, 15, 20, 25, 30, 35, 40, 45, 50, 55, 60, 65, 70, 75, 80, 85, 90, 95, 100], 'num_hermite_directional_coeffs': [3, 4, 5, 6, 7, 8, 9, 10]}",COMPLETE
80,80,80,94.14,10,8,80,"{'hidden_layer_neuron_count': [5, 10, 15, 20, 25, 30, 35, 40, 45, 50, 55, 60, 65, 70, 75, 80, 85, 90, 95, 100], 'num_hermite_directional_coeffs': [3, 4, 5, 6, 7, 8, 9, 10]}",COMPLETE
81,81,81,,100,9,81,"{'hidden_layer_neuron_count': [5, 10, 15, 20, 25, 30, 35, 40, 45, 50, 55, 60, 65, 70, 75, 80, 85, 90, 95, 100], 'num_hermite_directional_coeffs': [3, 4, 5, 6, 7, 8, 9, 10]}",PRUNED
82,82,82,95.7,15,10,82,"{'hidden_layer_neuron_count': [5, 10, 15, 20, 25, 30, 35, 40, 45, 50, 55, 60, 65, 70, 75, 80, 85, 90, 95, 100], 'num_hermite_directional_coeffs': [3, 4, 5, 6, 7, 8, 9, 10]}",COMPLETE
83,83,83,,75,4,83,"{'hidden_layer_neuron_count': [5, 10, 15, 20, 25, 30, 35, 40, 45, 50, 55, 60, 65, 70, 75, 80, 85, 90, 95, 100], 'num_hermite_directional_coeffs': [3, 4, 5, 6, 7, 8, 9, 10]}",PRUNED
84,84,84,95.16,15,7,84,"{'hidden_layer_neuron_count': [5, 10, 15, 20, 25, 30, 35, 40, 45, 50, 55, 60, 65, 70, 75, 80, 85, 90, 95, 100], 'num_hermite_directional_coeffs': [3, 4, 5, 6, 7, 8, 9, 10]}",COMPLETE
85,85,85,94.14,10,10,85,"{'hidden_layer_neuron_count': [5, 10, 15, 20, 25, 30, 35, 40, 45, 50, 55, 60, 65, 70, 75, 80, 85, 90, 95, 100], 'num_hermite_directional_coeffs': [3, 4, 5, 6, 7, 8, 9, 10]}",COMPLETE
86,86,86,,50,9,86,"{'hidden_layer_neuron_count': [5, 10, 15, 20, 25, 30, 35, 40, 45, 50, 55, 60, 65, 70, 75, 80, 85, 90, 95, 100], 'num_hermite_directional_coeffs': [3, 4, 5, 6, 7, 8, 9, 10]}",PRUNED
87,87,87,,35,7,87,"{'hidden_layer_neuron_count': [5, 10, 15, 20, 25, 30, 35, 40, 45, 50, 55, 60, 65, 70, 75, 80, 85, 90, 95, 100], 'num_hermite_directional_coeffs': [3, 4, 5, 6, 7, 8, 9, 10]}",PRUNED
88,88,88,,50,7,88,"{'hidden_layer_neuron_count': [5, 10, 15, 20, 25, 30, 35, 40, 45, 50, 55, 60, 65, 70, 75, 80, 85, 90, 95, 100], 'num_hermite_directional_coeffs': [3, 4, 5, 6, 7, 8, 9, 10]}",PRUNED
89,89,89,88.1,5,6,89,"{'hidden_layer_neuron_count': [5, 10, 15, 20, 25, 30, 35, 40, 45, 50, 55, 60, 65, 70, 75, 80, 85, 90, 95, 100], 'num_hermite_directional_coeffs': [3, 4, 5, 6, 7, 8, 9, 10]}",COMPLETE
90,90,90,,100,10,90,"{'hidden_layer_neuron_count': [5, 10, 15, 20, 25, 30, 35, 40, 45, 50, 55, 60, 65, 70, 75, 80, 85, 90, 95, 100], 'num_hermite_directional_coeffs': [3, 4, 5, 6, 7, 8, 9, 10]}",PRUNED
91,91,91,,60,8,91,"{'hidden_layer_neuron_count': [5, 10, 15, 20, 25, 30, 35, 40, 45, 50, 55, 60, 65, 70, 75, 80, 85, 90, 95, 100], 'num_hermite_directional_coeffs': [3, 4, 5, 6, 7, 8, 9, 10]}",PRUNED
92,92,92,89.96,5,9,92,"{'hidden_layer_neuron_count': [5, 10, 15, 20, 25, 30, 35, 40, 45, 50, 55, 60, 65, 70, 75, 80, 85, 90, 95, 100], 'num_hermite_directional_coeffs': [3, 4, 5, 6, 7, 8, 9, 10]}",COMPLETE
93,93,93,,45,7,93,"{'hidden_layer_neuron_count': [5, 10, 15, 20, 25, 30, 35, 40, 45, 50, 55, 60, 65, 70, 75, 80, 85, 90, 95, 100], 'num_hermite_directional_coeffs': [3, 4, 5, 6, 7, 8, 9, 10]}",PRUNED
94,94,94,,50,6,94,"{'hidden_layer_neuron_count': [5, 10, 15, 20, 25, 30, 35, 40, 45, 50, 55, 60, 65, 70, 75, 80, 85, 90, 95, 100], 'num_hermite_directional_coeffs': [3, 4, 5, 6, 7, 8, 9, 10]}",PRUNED
95,95,95,,55,7,95,"{'hidden_layer_neuron_count': [5, 10, 15, 20, 25, 30, 35, 40, 45, 50, 55, 60, 65, 70, 75, 80, 85, 90, 95, 100], 'num_hermite_directional_coeffs': [3, 4, 5, 6, 7, 8, 9, 10]}",PRUNED
96,96,96,,85,4,96,"{'hidden_layer_neuron_count': [5, 10, 15, 20, 25, 30, 35, 40, 45, 50, 55, 60, 65, 70, 75, 80, 85, 90, 95, 100], 'num_hermite_directional_coeffs': [3, 4, 5, 6, 7, 8, 9, 10]}",PRUNED
97,97,97,93.64,10,7,97,"{'hidden_layer_neuron_count': [5, 10, 15, 20, 25, 30, 35, 40, 45, 50, 55, 60, 65, 70, 75, 80, 85, 90, 95, 100], 'num_hermite_directional_coeffs': [3, 4, 5, 6, 7, 8, 9, 10]}",COMPLETE
98,98,98,,80,6,98,"{'hidden_layer_neuron_count': [5, 10, 15, 20, 25, 30, 35, 40, 45, 50, 55, 60, 65, 70, 75, 80, 85, 90, 95, 100], 'num_hermite_directional_coeffs': [3, 4, 5, 6, 7, 8, 9, 10]}",PRUNED
99,99,99,94.66,10,9,99,"{'hidden_layer_neuron_count': [5, 10, 15, 20, 25, 30, 35, 40, 45, 50, 55, 60, 65, 70, 75, 80, 85, 90, 95, 100], 'num_hermite_directional_coeffs': [3, 4, 5, 6, 7, 8, 9, 10]}",COMPLETE
100,100,100,,80,8,100,"{'hidden_layer_neuron_count': [5, 10, 15, 20, 25, 30, 35, 40, 45, 50, 55, 60, 65, 70, 75, 80, 85, 90, 95, 100], 'num_hermite_directional_coeffs': [3, 4, 5, 6, 7, 8, 9, 10]}",PRUNED
101,101,101,,60,6,101,"{'hidden_layer_neuron_count': [5, 10, 15, 20, 25, 30, 35, 40, 45, 50, 55, 60, 65, 70, 75, 80, 85, 90, 95, 100], 'num_hermite_directional_coeffs': [3, 4, 5, 6, 7, 8, 9, 10]}",PRUNED
102,102,102,,90,4,102,"{'hidden_layer_neuron_count': [5, 10, 15, 20, 25, 30, 35, 40, 45, 50, 55, 60, 65, 70, 75, 80, 85, 90, 95, 100], 'num_hermite_directional_coeffs': [3, 4, 5, 6, 7, 8, 9, 10]}",PRUNED
103,103,103,,30,9,103,"{'hidden_layer_neuron_count': [5, 10, 15, 20, 25, 30, 35, 40, 45, 50, 55, 60, 65, 70, 75, 80, 85, 90, 95, 100], 'num_hermite_directional_coeffs': [3, 4, 5, 6, 7, 8, 9, 10]}",PRUNED
104,104,104,92.82,10,6,104,"{'hidden_layer_neuron_count': [5, 10, 15, 20, 25, 30, 35, 40, 45, 50, 55, 60, 65, 70, 75, 80, 85, 90, 95, 100], 'num_hermite_directional_coeffs': [3, 4, 5, 6, 7, 8, 9, 10]}",COMPLETE
105,105,105,,65,9,105,"{'hidden_layer_neuron_count': [5, 10, 15, 20, 25, 30, 35, 40, 45, 50, 55, 60, 65, 70, 75, 80, 85, 90, 95, 100], 'num_hermite_directional_coeffs': [3, 4, 5, 6, 7, 8, 9, 10]}",PRUNED
106,106,106,96.6,25,6,106,"{'hidden_layer_neuron_count': [5, 10, 15, 20, 25, 30, 35, 40, 45, 50, 55, 60, 65, 70, 75, 80, 85, 90, 95, 100], 'num_hermite_directional_coeffs': [3, 4, 5, 6, 7, 8, 9, 10]}",COMPLETE
107,107,107,94.86,40,4,107,"{'hidden_layer_neuron_count': [5, 10, 15, 20, 25, 30, 35, 40, 45, 50, 55, 60, 65, 70, 75, 80, 85, 90, 95, 100], 'num_hermite_directional_coeffs': [3, 4, 5, 6, 7, 8, 9, 10]}",COMPLETE
108,108,108,94.76,30,4,108,"{'hidden_layer_neuron_count': [5, 10, 15, 20, 25, 30, 35, 40, 45, 50, 55, 60, 65, 70, 75, 80, 85, 90, 95, 100], 'num_hermite_directional_coeffs': [3, 4, 5, 6, 7, 8, 9, 10]}",COMPLETE
109,109,109,,100,7,109,"{'hidden_layer_neuron_count': [5, 10, 15, 20, 25, 30, 35, 40, 45, 50, 55, 60, 65, 70, 75, 80, 85, 90, 95, 100], 'num_hermite_directional_coeffs': [3, 4, 5, 6, 7, 8, 9, 10]}",PRUNED
110,110,110,95.78,45,4,110,"{'hidden_layer_neuron_count': [5, 10, 15, 20, 25, 30, 35, 40, 45, 50, 55, 60, 65, 70, 75, 80, 85, 90, 95, 100], 'num_hermite_directional_coeffs': [3, 4, 5, 6, 7, 8, 9, 10]}",COMPLETE
111,111,111,79.78,5,4,111,"{'hidden_layer_neuron_count': [5, 10, 15, 20, 25, 30, 35, 40, 45, 50, 55, 60, 65, 70, 75, 80, 85, 90, 95, 100], 'num_hermite_directional_coeffs': [3, 4, 5, 6, 7, 8, 9, 10]}",COMPLETE
112,112,112,,85,5,112,"{'hidden_layer_neuron_count': [5, 10, 15, 20, 25, 30, 35, 40, 45, 50, 55, 60, 65, 70, 75, 80, 85, 90, 95, 100], 'num_hermite_directional_coeffs': [3, 4, 5, 6, 7, 8, 9, 10]}",PRUNED
113,113,113,,95,7,113,"{'hidden_layer_neuron_count': [5, 10, 15, 20, 25, 30, 35, 40, 45, 50, 55, 60, 65, 70, 75, 80, 85, 90, 95, 100], 'num_hermite_directional_coeffs': [3, 4, 5, 6, 7, 8, 9, 10]}",PRUNED
114,114,114,96.46,30,5,114,"{'hidden_layer_neuron_count': [5, 10, 15, 20, 25, 30, 35, 40, 45, 50, 55, 60, 65, 70, 75, 80, 85, 90, 95, 100], 'num_hermite_directional_coeffs': [3, 4, 5, 6, 7, 8, 9, 10]}",COMPLETE
115,115,115,96.02,70,4,115,"{'hidden_layer_neuron_count': [5, 10, 15, 20, 25, 30, 35, 40, 45, 50, 55, 60, 65, 70, 75, 80, 85, 90, 95, 100], 'num_hermite_directional_coeffs': [3, 4, 5, 6, 7, 8, 9, 10]}",COMPLETE
116,116,116,87.88,5,7,116,"{'hidden_layer_neuron_count': [5, 10, 15, 20, 25, 30, 35, 40, 45, 50, 55, 60, 65, 70, 75, 80, 85, 90, 95, 100], 'num_hermite_directional_coeffs': [3, 4, 5, 6, 7, 8, 9, 10]}",COMPLETE
117,117,117,,90,5,117,"{'hidden_layer_neuron_count': [5, 10, 15, 20, 25, 30, 35, 40, 45, 50, 55, 60, 65, 70, 75, 80, 85, 90, 95, 100], 'num_hermite_directional_coeffs': [3, 4, 5, 6, 7, 8, 9, 10]}",PRUNED
118,118,118,92.62,15,4,118,"{'hidden_layer_neuron_count': [5, 10, 15, 20, 25, 30, 35, 40, 45, 50, 55, 60, 65, 70, 75, 80, 85, 90, 95, 100], 'num_hermite_directional_coeffs': [3, 4, 5, 6, 7, 8, 9, 10]}",COMPLETE
119,119,119,,75,7,119,"{'hidden_layer_neuron_count': [5, 10, 15, 20, 25, 30, 35, 40, 45, 50, 55, 60, 65, 70, 75, 80, 85, 90, 95, 100], 'num_hermite_directional_coeffs': [3, 4, 5, 6, 7, 8, 9, 10]}",PRUNED
120,120,120,90.14,70,3,120,"{'hidden_layer_neuron_count': [5, 10, 15, 20, 25, 30, 35, 40, 45, 50, 55, 60, 65, 70, 75, 80, 85, 90, 95, 100], 'num_hermite_directional_coeffs': [3, 4, 5, 6, 7, 8, 9, 10]}",COMPLETE
121,121,121,,25,9,121,"{'hidden_layer_neuron_count': [5, 10, 15, 20, 25, 30, 35, 40, 45, 50, 55, 60, 65, 70, 75, 80, 85, 90, 95, 100], 'num_hermite_directional_coeffs': [3, 4, 5, 6, 7, 8, 9, 10]}",PRUNED
122,122,122,88.8,5,8,122,"{'hidden_layer_neuron_count': [5, 10, 15, 20, 25, 30, 35, 40, 45, 50, 55, 60, 65, 70, 75, 80, 85, 90, 95, 100], 'num_hermite_directional_coeffs': [3, 4, 5, 6, 7, 8, 9, 10]}",COMPLETE
123,123,123,,35,8,123,"{'hidden_layer_neuron_count': [5, 10, 15, 20, 25, 30, 35, 40, 45, 50, 55, 60, 65, 70, 75, 80, 85, 90, 95, 100], 'num_hermite_directional_coeffs': [3, 4, 5, 6, 7, 8, 9, 10]}",PRUNED
124,124,124,,100,4,124,"{'hidden_layer_neuron_count': [5, 10, 15, 20, 25, 30, 35, 40, 45, 50, 55, 60, 65, 70, 75, 80, 85, 90, 95, 100], 'num_hermite_directional_coeffs': [3, 4, 5, 6, 7, 8, 9, 10]}",PRUNED
125,125,125,,80,9,125,"{'hidden_layer_neuron_count': [5, 10, 15, 20, 25, 30, 35, 40, 45, 50, 55, 60, 65, 70, 75, 80, 85, 90, 95, 100], 'num_hermite_directional_coeffs': [3, 4, 5, 6, 7, 8, 9, 10]}",PRUNED
126,126,126,74.46,5,3,126,"{'hidden_layer_neuron_count': [5, 10, 15, 20, 25, 30, 35, 40, 45, 50, 55, 60, 65, 70, 75, 80, 85, 90, 95, 100], 'num_hermite_directional_coeffs': [3, 4, 5, 6, 7, 8, 9, 10]}",COMPLETE
127,127,127,96.16,25,5,127,"{'hidden_layer_neuron_count': [5, 10, 15, 20, 25, 30, 35, 40, 45, 50, 55, 60, 65, 70, 75, 80, 85, 90, 95, 100], 'num_hermite_directional_coeffs': [3, 4, 5, 6, 7, 8, 9, 10]}",COMPLETE
128,128,128,96.2,20,7,128,"{'hidden_layer_neuron_count': [5, 10, 15, 20, 25, 30, 35, 40, 45, 50, 55, 60, 65, 70, 75, 80, 85, 90, 95, 100], 'num_hermite_directional_coeffs': [3, 4, 5, 6, 7, 8, 9, 10]}",COMPLETE
129,129,129,,75,5,129,"{'hidden_layer_neuron_count': [5, 10, 15, 20, 25, 30, 35, 40, 45, 50, 55, 60, 65, 70, 75, 80, 85, 90, 95, 100], 'num_hermite_directional_coeffs': [3, 4, 5, 6, 7, 8, 9, 10]}",PRUNED
130,130,130,,20,10,130,"{'hidden_layer_neuron_count': [5, 10, 15, 20, 25, 30, 35, 40, 45, 50, 55, 60, 65, 70, 75, 80, 85, 90, 95, 100], 'num_hermite_directional_coeffs': [3, 4, 5, 6, 7, 8, 9, 10]}",PRUNED
131,131,131,,85,9,131,"{'hidden_layer_neuron_count': [5, 10, 15, 20, 25, 30, 35, 40, 45, 50, 55, 60, 65, 70, 75, 80, 85, 90, 95, 100], 'num_hermite_directional_coeffs': [3, 4, 5, 6, 7, 8, 9, 10]}",PRUNED
132,132,132,,80,10,132,"{'hidden_layer_neuron_count': [5, 10, 15, 20, 25, 30, 35, 40, 45, 50, 55, 60, 65, 70, 75, 80, 85, 90, 95, 100], 'num_hermite_directional_coeffs': [3, 4, 5, 6, 7, 8, 9, 10]}",PRUNED
133,133,133,,95,8,133,"{'hidden_layer_neuron_count': [5, 10, 15, 20, 25, 30, 35, 40, 45, 50, 55, 60, 65, 70, 75, 80, 85, 90, 95, 100], 'num_hermite_directional_coeffs': [3, 4, 5, 6, 7, 8, 9, 10]}",PRUNED
134,134,134,88.4,25,3,134,"{'hidden_layer_neuron_count': [5, 10, 15, 20, 25, 30, 35, 40, 45, 50, 55, 60, 65, 70, 75, 80, 85, 90, 95, 100], 'num_hermite_directional_coeffs': [3, 4, 5, 6, 7, 8, 9, 10]}",COMPLETE
135,135,135,96.66,20,8,135,"{'hidden_layer_neuron_count': [5, 10, 15, 20, 25, 30, 35, 40, 45, 50, 55, 60, 65, 70, 75, 80, 85, 90, 95, 100], 'num_hermite_directional_coeffs': [3, 4, 5, 6, 7, 8, 9, 10]}",COMPLETE
136,136,136,,65,6,136,"{'hidden_layer_neuron_count': [5, 10, 15, 20, 25, 30, 35, 40, 45, 50, 55, 60, 65, 70, 75, 80, 85, 90, 95, 100], 'num_hermite_directional_coeffs': [3, 4, 5, 6, 7, 8, 9, 10]}",PRUNED
137,137,137,97.14,55,5,137,"{'hidden_layer_neuron_count': [5, 10, 15, 20, 25, 30, 35, 40, 45, 50, 55, 60, 65, 70, 75, 80, 85, 90, 95, 100], 'num_hermite_directional_coeffs': [3, 4, 5, 6, 7, 8, 9, 10]}",COMPLETE
138,138,138,,50,10,138,"{'hidden_layer_neuron_count': [5, 10, 15, 20, 25, 30, 35, 40, 45, 50, 55, 60, 65, 70, 75, 80, 85, 90, 95, 100], 'num_hermite_directional_coeffs': [3, 4, 5, 6, 7, 8, 9, 10]}",PRUNED
139,139,139,,75,6,139,"{'hidden_layer_neuron_count': [5, 10, 15, 20, 25, 30, 35, 40, 45, 50, 55, 60, 65, 70, 75, 80, 85, 90, 95, 100], 'num_hermite_directional_coeffs': [3, 4, 5, 6, 7, 8, 9, 10]}",PRUNED
140,140,140,,100,6,140,"{'hidden_layer_neuron_count': [5, 10, 15, 20, 25, 30, 35, 40, 45, 50, 55, 60, 65, 70, 75, 80, 85, 90, 95, 100], 'num_hermite_directional_coeffs': [3, 4, 5, 6, 7, 8, 9, 10]}",PRUNED
141,141,141,90.26,50,3,141,"{'hidden_layer_neuron_count': [5, 10, 15, 20, 25, 30, 35, 40, 45, 50, 55, 60, 65, 70, 75, 80, 85, 90, 95, 100], 'num_hermite_directional_coeffs': [3, 4, 5, 6, 7, 8, 9, 10]}",COMPLETE
142,142,142,,50,8,142,"{'hidden_layer_neuron_count': [5, 10, 15, 20, 25, 30, 35, 40, 45, 50, 55, 60, 65, 70, 75, 80, 85, 90, 95, 100], 'num_hermite_directional_coeffs': [3, 4, 5, 6, 7, 8, 9, 10]}",PRUNED
143,143,143,93.82,20,4,143,"{'hidden_layer_neuron_count': [5, 10, 15, 20, 25, 30, 35, 40, 45, 50, 55, 60, 65, 70, 75, 80, 85, 90, 95, 100], 'num_hermite_directional_coeffs': [3, 4, 5, 6, 7, 8, 9, 10]}",COMPLETE
144,144,144,95.96,55,4,144,"{'hidden_layer_neuron_count': [5, 10, 15, 20, 25, 30, 35, 40, 45, 50, 55, 60, 65, 70, 75, 80, 85, 90, 95, 100], 'num_hermite_directional_coeffs': [3, 4, 5, 6, 7, 8, 9, 10]}",COMPLETE
145,145,145,,95,9,145,"{'hidden_layer_neuron_count': [5, 10, 15, 20, 25, 30, 35, 40, 45, 50, 55, 60, 65, 70, 75, 80, 85, 90, 95, 100], 'num_hermite_directional_coeffs': [3, 4, 5, 6, 7, 8, 9, 10]}",PRUNED
146,146,146,,100,3,146,"{'hidden_layer_neuron_count': [5, 10, 15, 20, 25, 30, 35, 40, 45, 50, 55, 60, 65, 70, 75, 80, 85, 90, 95, 100], 'num_hermite_directional_coeffs': [3, 4, 5, 6, 7, 8, 9, 10]}",PRUNED
147,147,147,,25,10,147,"{'hidden_layer_neuron_count': [5, 10, 15, 20, 25, 30, 35, 40, 45, 50, 55, 60, 65, 70, 75, 80, 85, 90, 95, 100], 'num_hermite_directional_coeffs': [3, 4, 5, 6, 7, 8, 9, 10]}",PRUNED
148,148,148,96.72,40,5,148,"{'hidden_layer_neuron_count': [5, 10, 15, 20, 25, 30, 35, 40, 45, 50, 55, 60, 65, 70, 75, 80, 85, 90, 95, 100], 'num_hermite_directional_coeffs': [3, 4, 5, 6, 7, 8, 9, 10]}",COMPLETE
149,149,149,,90,7,149,"{'hidden_layer_neuron_count': [5, 10, 15, 20, 25, 30, 35, 40, 45, 50, 55, 60, 65, 70, 75, 80, 85, 90, 95, 100], 'num_hermite_directional_coeffs': [3, 4, 5, 6, 7, 8, 9, 10]}",PRUNED
150,150,150,90.7,60,3,150,"{'hidden_layer_neuron_count': [5, 10, 15, 20, 25, 30, 35, 40, 45, 50, 55, 60, 65, 70, 75, 80, 85, 90, 95, 100], 'num_hermite_directional_coeffs': [3, 4, 5, 6, 7, 8, 9, 10]}",COMPLETE
151,151,151,,45,9,151,"{'hidden_layer_neuron_count': [5, 10, 15, 20, 25, 30, 35, 40, 45, 50, 55, 60, 65, 70, 75, 80, 85, 90, 95, 100], 'num_hermite_directional_coeffs': [3, 4, 5, 6, 7, 8, 9, 10]}",PRUNED
152,152,152,,55,10,152,"{'hidden_layer_neuron_count': [5, 10, 15, 20, 25, 30, 35, 40, 45, 50, 55, 60, 65, 70, 75, 80, 85, 90, 95, 100], 'num_hermite_directional_coeffs': [3, 4, 5, 6, 7, 8, 9, 10]}",PRUNED
153,153,153,96.7,25,7,153,"{'hidden_layer_neuron_count': [5, 10, 15, 20, 25, 30, 35, 40, 45, 50, 55, 60, 65, 70, 75, 80, 85, 90, 95, 100], 'num_hermite_directional_coeffs': [3, 4, 5, 6, 7, 8, 9, 10]}",COMPLETE
154,154,154,95.96,15,8,154,"{'hidden_layer_neuron_count': [5, 10, 15, 20, 25, 30, 35, 40, 45, 50, 55, 60, 65, 70, 75, 80, 85, 90, 95, 100], 'num_hermite_directional_coeffs': [3, 4, 5, 6, 7, 8, 9, 10]}",COMPLETE
155,155,155,90.7,10,4,155,"{'hidden_layer_neuron_count': [5, 10, 15, 20, 25, 30, 35, 40, 45, 50, 55, 60, 65, 70, 75, 80, 85, 90, 95, 100], 'num_hermite_directional_coeffs': [3, 4, 5, 6, 7, 8, 9, 10]}",COMPLETE
156,156,156,,65,10,156,"{'hidden_layer_neuron_count': [5, 10, 15, 20, 25, 30, 35, 40, 45, 50, 55, 60, 65, 70, 75, 80, 85, 90, 95, 100], 'num_hermite_directional_coeffs': [3, 4, 5, 6, 7, 8, 9, 10]}",PRUNED
157,157,157,,45,6,157,"{'hidden_layer_neuron_count': [5, 10, 15, 20, 25, 30, 35, 40, 45, 50, 55, 60, 65, 70, 75, 80, 85, 90, 95, 100], 'num_hermite_directional_coeffs': [3, 4, 5, 6, 7, 8, 9, 10]}",PRUNED
158,158,158,,75,8,158,"{'hidden_layer_neuron_count': [5, 10, 15, 20, 25, 30, 35, 40, 45, 50, 55, 60, 65, 70, 75, 80, 85, 90, 95, 100], 'num_hermite_directional_coeffs': [3, 4, 5, 6, 7, 8, 9, 10]}",PRUNED
159,159,159,,30,10,159,"{'hidden_layer_neuron_count': [5, 10, 15, 20, 25, 30, 35, 40, 45, 50, 55, 60, 65, 70, 75, 80, 85, 90, 95, 100], 'num_hermite_directional_coeffs': [3, 4, 5, 6, 7, 8, 9, 10]}",PRUNED
